{"cameraMode":{"drawMode":0,"name":"Shaded","section":"Shading Mode"},"sceneLighting":false,"audioPlay":false,"sceneViewState":{"showFog":true,"showMaterialUpdate":false,"showSkybox":true,"showFlares":true,"showImageEffects":true,"showParticleSystems":true},"in2DMode":false,"pivot":{"x":7.896359443664551,"y":1.4944367408752442,"z":-8.912437438964844},"rotation":{"x":-0.2718387544155121,"y":-0.16016530990600587,"z":0.045936476439237598,"w":-0.9478083252906799},"size":7.713949203491211,"orthographic":false}