{"cameraMode":{"drawMode":0,"name":"Shaded","section":"Shading Mode"},"sceneLighting":false,"audioPlay":false,"sceneViewState":{"showFog":true,"showMaterialUpdate":false,"showSkybox":true,"showFlares":true,"showImageEffects":true,"showParticleSystems":true},"in2DMode":false,"pivot":{"x":-10.94249153137207,"y":2.0544495582580568,"z":-15.8638334274292},"rotation":{"x":-0.2718387544155121,"y":-0.16016530990600587,"z":0.045936476439237598,"w":-0.9478083252906799},"size":17.022459030151368,"orthographic":false}