{"cameraMode":{"drawMode":0,"name":"Shaded","section":"Shading Mode"},"sceneLighting":false,"audioPlay":false,"sceneViewState":{"showFog":true,"showMaterialUpdate":false,"showSkybox":true,"showFlares":true,"showImageEffects":true,"showParticleSystems":true},"in2DMode":false,"pivot":{"x":-6.07249116897583,"y":1.9960603713989258,"z":-1.6938339471817017},"rotation":{"x":-0.2718387544155121,"y":-0.16016530990600587,"z":0.045936476439237598,"w":-0.9478083252906799},"size":17.022462844848634,"orthographic":false}